"STA","Station Name","Elevation","Latitude","Longitude","Nearby City","Hydro #","Basin #","Owner","Maintenance","Operator","Map #","Collect #","County Name","Basin Name","Agency Name","Hydro Area","Sensors"
"ACM","ARROYO CORTE MADERA DEL PRESIDIO","3","37.898","-122.535","MILL VALLEY","2","2801","999","999","121","22","0","MARIN","SF BAY","Marin County","SAN FRANCISCO BAY","16"
"ANC","ANTIOCH (USBR)","10","38.017817","-121.802965","ANTIOCH","5","8101","999","999","50","16","0","CONTRA COSTA","DELTA","US Bureau of Reclamation","SACRAMENTO RIVER","14,25,100,102"
"ANH","SAN JOAQUIN RIVER AT ANTIOCH","10","38.0178298950195","-121.802963256836","ANTIOCH","5","9001","999","999","705","999","0","CONTRA COSTA","SAN JOAQUIN R","CA Dept of Water Resources/Div of Environmental Services","SACRAMENTO RIVER","1,4,5,9,10,14,25,26,27,28,61,62,100,102,141,146"
"APP","ANTIOCH PUMP PLANT","60","37.984","-121.728","ANTIOCH","6","8101","999","999","97","23","0","CONTRA COSTA","DELTA","Contra Costa Water District","SAN JOAQUIN RIVER","2"
"BAC","BACON ISLAND AT OLD RIVER","0","37.9693450927734","-121.572174072266","BRENTWOOD","5","8101","999","999","703","999","0","SAN JOAQUIN","DELTA","CA Dept of Water Resources/Operations and Maintenance","SACRAMENTO RIVER","1,5,14,25,100,141"
"BAP","BYRON AIRPORT","43","37.8306","-121.6225","BYRON","2","8101","999","999","107","23","0","CONTRA COSTA","DELTA","Contra Costa County","SAN FRANCISCO BAY","2,45"
"BBI","BYRON BETHANY IRRIGATION DIST DIVERSION","3","37.8298","-121.5574","BYRON","2","8101","999","999","717","23","16","CONTRA COSTA","DELTA","Byron Bethany Irrigation District","SAN FRANCISCO BAY","110"
"BDL","BELDON LANDING","0","38.1869","-121.9708","FAIRFIELD","5","6501","999","705","705","17","0","SOLANO","SACRAMENTO R","CA Dept of Water Resources/Div of Environmental Services","SACRAMENTO RIVER","1,5,14,25,27,28,61,62,100"
"BDT","SAN JOAQUIN R AT BRANDT BRIDGE","0","37.865","-121.3231","LATHROP","6","9001","999","999","703","23","0","SAN JOAQUIN","SAN JOAQUIN R","CA Dept of Water Resources/Operations and Maintenance","SAN JOAQUIN RIVER","1,5,14,20,21,25,41,100,141"
"BEN","MOKELUMNE R @ BENSON'S FERRY NR THORNTON","0","38.2551383972168","-121.440086364746","THORNTON","6","8301","700","999","704","999","0","SAN JOAQUIN","MOKELUMNE R","CA Dept of Water Resources/North Central Region Office","SAN JOAQUIN RIVER","1,14,141,169"
"BET","BETHEL ISLAND","9","38.0410919189453","-121.632186889648","RIO VISTA","5","8101","999","999","704","999","0","CONTRA COSTA","DELTA","CA Dept of Water Resources/North Central Region Office","SACRAMENTO RIVER","5,14,25,27,61,100,222,223,224"
"BIF","BETHEL ISLAND FIRE","20","38.0155","-121.6396","BETHEL ISLAND","2","8101","999","999","107","16","23","CONTRA COSTA","DELTA","Contra Costa County","SAN FRANCISCO BAY","2"
"BIR","MIDDLE R AT BACON ISLAND RD","10","37.943056","-121.53389","MIDDLE RIVER","6","9001","999","999","704","22","2","SAN JOAQUIN","SAN JOAQUIN R","CA Dept of Water Resources/North Central Region Office","SAN JOAQUIN RIVER","1,14,25,100"
"BIX","BIXLER ROAD","14","37.94","-121.622","BRENTWOOD","2","9001","999","999","107","23","0","CONTRA COSTA","SAN JOAQUIN R","Contra Costa County","SAN FRANCISCO BAY","16"
"BKS","BARKER SLOUGH PUMPING PLANT (KG000000)","0","38.2759","-121.7965","RIO VISTA","2","8101","999","999","703","17","0","SOLANO","DELTA","CA Dept of Water Resources/Operations and Maintenance","SAN FRANCISCO BAY","23,25,27,62,70,100,114,146,149,272"
"BLI","BLACKLOCK ISLAND","0","38.1807","-121.9069","MONTEZUMA","5","6501","999","999","703","17","0","SOLANO","SACRAMENTO R","CA Dept of Water Resources/Operations and Maintenance","SACRAMENTO RIVER","1"
"BLL","BLACKLOCK (NE1)","0","38.1801","-121.9069","MONTEZUMA","5","6501","999","999","705","17","0","SOLANO","SACRAMENTO R","CA Dept of Water Resources/Div of Environmental Services","SACRAMENTO RIVER","1,6,9,10,14,16,17,25,61,100"
"BLP","BLIND POINT","0","38.0324516296387","-121.719039916992","RIO VISTA","5","8101","999","999","704","999","0","CONTRA COSTA","DELTA","CA Dept of Water Resources/North Central Region Office","SACRAMENTO RIVER","5,14,25,28,61,62,100,221"
"BRC","BEAR CREEK NEAR LODI","60","38.074","-121.211","LODI","6","9001","999","999","139","17","0","SAN JOAQUIN","SAN JOAQUIN R","San Joaquin County","SAN JOAQUIN RIVER","1,16,45"
"BTD","BRENTWOOD - CONTRA COSTA CO CORP YARD","95","37.92","-121.678","BRENTWOOD","2","2001","999","999","107","23","23","CONTRA COSTA","EAST BAY","Contra Costa County","SAN FRANCISCO BAY","16"
"BTH","BETHANY FOREBAY","250","37.785","-121.617","BYRON","5","8101","999","999","1","23","0","ALAMEDA","DELTA","CA Dept of Water Resources","SACRAMENTO RIVER","15"
"BXP","BIXLER PUMPING PLANT","14","37.9397","-121.6235","BRENTWOOD","2","8101","999","999","107","23","23","CONTRA COSTA","DELTA","Contra Costa County","SAN FRANCISCO BAY","16"
"BYL","BRYTE LAB","25","38.60009765625","-121.539543151855","W SACRAMENTO","5","6501","999","999","704","999","2","YOLO","SACRAMENTO R","CA Dept of Water Resources/North Central Region Office","SACRAMENTO RIVER","1,14"
"BYT","BRYTE TEST  SITE","25","38.5992","-121.540355556","W SACRAMENTO","5","6501","999","999","702","16","2","YOLO","SACRAMENTO R","CA Dept of Water Resources/DFM-Hydro-SMN","SACRAMENTO RIVER","2,3,4,9,10,12,14,17,18,26,119,194,195,196,197,198,199"
"CCS","CACHE SLOUGH","0","38.2918","-121.742","RIO VISTA","5","8101","999","999","50","16","0","SOLANO","DELTA","US Bureau of Reclamation","SACRAMENTO RIVER","14,25,100"
"CCW","CCWD MIDDLE RIVER PP ON VICTORIA CANAL","0","37.86654","-121.54379","DISCOVERY BAY","6","8101","999","999","97","23","0","CONTRA COSTA","DELTA","Contra Costa Water District","SAN JOAQUIN RIVER","70,148"
"CIS","OLD RIVER AT CONEY ISLAND","5","37.8458938598633","-121.537971496582","TRACY","6","9001","999","999","704","999","0","SAN JOAQUIN","SAN JOAQUIN R","CA Dept of Water Resources/North Central Region Office","SAN JOAQUIN RIVER","1,14,141"
"CLC","CLIFTON COURT","3","37.8298","-121.5574","BYRON","2","8101","999","999","703","23","0","CONTRA COSTA","DELTA","CA Dept of Water Resources/Operations and Maintenance","SAN FRANCISCO BAY","10,25,27,62,76,100,114,134,146,273"
"CLL","COLLINSVILLE","0","38.073981","-121.850123","COLLINSVILLE","5","8101","999","999","50","16","0","SOLANO","DELTA","US Bureau of Reclamation","SACRAMENTO RIVER","14,25,100,102"
"CMG","CUMMINGS PEAK","895","38.028","-122.197","CROCKETT","2","2001","999","999","107","16","0","CONTRA COSTA","EAST BAY","Contra Costa County","SAN FRANCISCO BAY","16"
"CNT","CONTRA COSTA","10","37.99495","-121.702809","OAKLEY","5","8101","999","999","50","22","0","CONTRA COSTA","DELTA","US Bureau of Reclamation","SACRAMENTO RIVER","14,25,100"
"CRT","CORRECTIONAL CTR","18","38.307","-121.424","ELK GROVE","6","8201","999","999","134","17","0","SACRAMENTO","COSUMNES R","Sacramento County","SAN JOAQUIN RIVER","16"
"CSE","COLLINSVILLE ON SACRAMENTO RIVER","0","38.074","-121.8501","FAIRFIELD","5","8101","999","999","705","17","0","SOLANO","DELTA","CA Dept of Water Resources/Div of Environmental Services","SACRAMENTO RIVER","1,14,25,27,28,61,62,100"
"CX2","DAILY X2 CALCULATION","0","37.8333","-122.4167","SAN FRANCISCO","2","2801","999","999","700","22","0","SAN FRANCISCO","SF BAY","CA Dept of Water Resources/Flood Management","SAN FRANCISCO BAY","145"
"CYG","CYGNUS-CORDELIA SLOUGH","0","38.1527","-122.0908","FAIRFIELD","5","8101","999","999","705","16","0","SOLANO","DELTA","CA Dept of Water Resources/Div of Environmental Services","SACRAMENTO RIVER","1,14,25,100"
"DAR","DRAINAGE AT ARBOR ROAD ","20","37.768959","-121.419414","TRACEY","5","9001","999","999","704","22","2","SAN JOAQUIN","SAN JOAQUIN R","CA Dept of Water Resources/North Central Region Office","SACRAMENTO RIVER","1,14,20,100,146"
"DBD","DISCOVERY BAY AT DISCOVERY BAY BLVD","9","37.8928","-121.6025","BYRON","6","9001","999","999","704","23","0","CONTRA COSTA","SAN JOAQUIN R","CA Dept of Water Resources/North Central Region Office","SAN JOAQUIN RIVER","1,14,141"
"DBI","DISCOVERY BAY AT INDIAN SLOUGH","6","37.917652130127","-121.586723327637","BYRON","6","9001","999","999","704","999","0","CONTRA COSTA","SAN JOAQUIN R","CA Dept of Water Resources/North Central Region Office","SAN JOAQUIN RIVER","1,14,141"
"DGL","DOUGHTY CUT ABOVE GRANT LINE CANAL","18","37.815","-121.425","TRACY","6","9001","999","999","704","23","0","SAN JOAQUIN","SAN JOAQUIN R","CA Dept of Water Resources/North Central Region Office","SAN JOAQUIN RIVER","1,5,14,25,27,28,61,62,100,141"
"DLC","DELTA CROSS CHANNEL BTW SAC R & SNODGRAS","10","38.245","-121.505","WALNUT GROVE","5","6501","999","999","58","17","0","SACRAMENTO","SACRAMENTO R","US Geological Survey","SACRAMENTO RIVER","1,20,21,25,100,221"
"DMC","DMC HEADWORKS","200","37.781567","-121.590239","TRACY","5","8101","999","999","50","22","0","ALAMEDA","DELTA","US Bureau of Reclamation","SACRAMENTO RIVER","14,25,100"
"DRO","DELTA RUNOFF ONE DAY CALCULATION","6","38.042","-121.642","BETHEL ISLAND","5","8101","999","999","700","17","0","CONTRA COSTA","DELTA","CA Dept of Water Resources/Flood Management","SACRAMENTO RIVER","155"
"DSJ","DUTCH SLOUGH AT JERSEY ISLAND","10","38.013","-121.671","OAKLEY","6","9001","999","999","58","17","0","CONTRA COSTA","SAN JOAQUIN R","US Geological Survey","SAN JOAQUIN RIVER","1,20,21,25,61,100,221,222,223,224"
"DTO","DELTA OUTFLOW","0","38.059","-122.025","RIO VISTA","5","8101","999","999","703","15","0","SOLANO","DELTA","CA Dept of Water Resources/Operations and Maintenance","SACRAMENTO RIVER","23"
"DWS","SACRAMENTO DEEP WATER SHIPPING CHANNEL","0","38.25611","-121.66667","WEST SACRAMENTO","5","6501","999","999","58","17","0","YOLO","SACRAMENTO R","US Geological Survey","SACRAMENTO RIVER","1,20,21,25,100,221"
"ECD","EAST CONTRA COUNTY ID PP#1","22","37.917863","-121.625999","DISCOVERY BAY","5","8101","999","999","704","23","2","CONTRA COSTA","DELTA","CA Dept of Water Resources/North Central Region Office","SACRAMENTO RIVER","14,100,146"
"ELG","ELK GROVE FISH HATCHERY","45","38.421","-121.374","ELK GROVE","6","8201","999","999","134","17","0","SACRAMENTO","COSUMNES R","Sacramento County","SAN JOAQUIN RIVER","2,45"
"EMM","EMMATON (USBR)","0","38.084272","-121.738924","RIO VISTA","5","8101","999","999","50","16","0","SACRAMENTO","DELTA","US Bureau of Reclamation","SACRAMENTO RIVER","14,25,100,102"
"FAL","FALSE RIVER NEAR OAKLEY","0","38.0558","-121.6669","OAKLEY","6","8101","999","999","5","17","0","CONTRA COSTA","DELTA","USGS/DWR","SAN JOAQUIN RIVER","1,20,21,25,28,61,100,221,222,223,224,225,226,227,228,229,230"
"FCT","FISHERMANS CUT","4","38.067822","-121.648838","ANTIOCH","6","9001","999","999","704","16","17","SAN JOAQUIN","SAN JOAQUIN R","CA Dept of Water Resources/North Central Region Office","SAN JOAQUIN RIVER","1,20,21,25,61,100,221,222,223,224,225,226,227,228,229,230"
"FLT","GOODYEAR SLOUGH OUTFALL @ NAVAL FLEET","0","38.08037934","-122.1020479","BENICIA","5","8101","999","999","705","16","4","SOLANO","DELTA","CA Dept of Water Resources/Div of Environmental Services","SACRAMENTO RIVER","14,25,100"
"FPT","SACRAMENTO RIVER AT FREEPORT","0","38.45","-121.5","FREEPORT","5","6501","999","999","58","17","0","SACRAMENTO","SACRAMENTO R","US Geological Survey","SACRAMENTO RIVER","1,14,20,21,25,100,221"
"FPX","SACRAMENTO RIVER AT FREEPORT AUX","0","38.45","-121.5","FREEPORT","5","6501","999","999","58","17","0","SACRAMENTO","SACRAMENTO R","US Geological Survey","SACRAMENTO RIVER","1,20,21,41"
"FRK","FRANK'S TRACT MID TRACT","0","38.046417","-121.5981","ANTIOCH","6","8101","999","999","705","16","21","CONTRA COSTA","DELTA","CA Dept of Water Resources/Div of Environmental Services","SAN JOAQUIN RIVER","9,10,14,25,27,28,61,62,100"
"FRP","FARRAR PARK","0","38.011698","-121.639129","LINCOLN VILLAGE","5","8101","999","999","50","16","0","SAN JOAQUIN","DELTA","US Bureau of Reclamation","SACRAMENTO RIVER","14,25,100"
"GCT","GRANTLINE CANAL AT TRACY RD BRIDGE","25","37.8201446533203","-121.449859619141","TRACY","6","9001","999","999","1","999","0","SAN JOAQUIN","SAN JOAQUIN R","CA Dept of Water Resources","SAN JOAQUIN RIVER","1,14,25,27,28,61,62,100,141"
"GES","SACRAMENTO RIVER BELOW GEORGIANA SLOUGH","0","38.2389","-121.5234","WALNUT GROVE","5","6501","999","999","58","17","0","SACRAMENTO","SACRAMENTO R","US Geological Survey","SACRAMENTO RIVER","1,20,21,25,100,221"
"GGS","GEORGIANA SLOUGH","2","38.238","-121.517","WALNUT GROVE","5","8101","999","999","134","17","0","SACRAMENTO","DELTA","Sacramento County","SACRAMENTO RIVER","2"
"GGT","GOLDEN GATE","0","37.81","-122.474","SAN FRANCISCO","2","2801","999","999","40","22","0","SAN FRANCISCO","SF BAY","National Weather Service","SAN FRANCISCO BAY","1,4,9,10,12,16,17,45"
"GLC","GRANTLINE CANAL (USGS)","10","37.8196","-121.5485","TRACY","6","9001","999","999","5","23","0","SAN JOAQUIN","SAN JOAQUIN R","USGS/DWR","SAN JOAQUIN RIVER","1,20,21,25,28,41,61,62,100,221"
"GLE","GRANT LINE CANAL EAST","6","37.820258","-121.4348562","TRACY","6","9001","999","999","704","23","17","SAN JOAQUIN","SAN JOAQUIN R","CA Dept of Water Resources/North Central Region Office","SAN JOAQUIN RIVER","1,20,21,25,28,61,62,100,221"
"GLN","GREEN'S LANDING","5","38.345","-121.546","COURTLAND","5","6501","999","999","50","17","0","SACRAMENTO","SACRAMENTO R","US Bureau of Reclamation","SACRAMENTO RIVER","5,14,25"
"GOD","GODFATHER II ON SUISUN SLOUGH","0","38.1238","-122.0812","FAIRFIELD","5","8101","999","999","705","16","0","SOLANO","DELTA","CA Dept of Water Resources/Div of Environmental Services","SACRAMENTO RIVER","14,25,27,28,61,62,100"
"GSM","GEORGIANA SLOUGH AT MOKELUMNE R","18","38.129533","-121.582974","RIO VISTA","5","8301","999","999","704","16","2","SACRAMENTO","MOKELUMNE R","CA Dept of Water Resources/North Central Region Office","SACRAMENTO RIVER","1,14"
"GSS","GEORGIANA SLOUGH AT SACRAMENTO RIVER","10","38.237","-121.518","WALNUT GROVE","5","6501","999","999","58","17","0","SACRAMENTO","SACRAMENTO R","US Geological Survey","SACRAMENTO RIVER","1,20,21,25,100,221"
"GYS","GOODYEAR SLOUGH","0","38.118","-122.095","BENICIA","5","8101","999","999","705","16","0","SOLANO","DELTA","CA Dept of Water Resources/Div of Environmental Services","SACRAMENTO RIVER","1,5,14,25,61,100"
"GZB","GRIZZLY BAY BUOY","0","38.123145","-122.007582","FAIRFIELD","2","8101","999","999","705","15","21","SOLANO","DELTA","CA Dept of Water Resources/Div of Environmental Services","SAN FRANCISCO BAY","14,25,27,28,61,62,100"
"GZL","GRIZZLY BAY","0","38.12425","-122.038117","FAIRFIELD","2","8101","999","999","705","15","21","SOLANO","DELTA","CA Dept of Water Resources/Div of Environmental Services","SAN FRANCISCO BAY","9,10,14,25,27,28,61,62,100"
"GZM","GRIZZLY BAY AT HEAD OF MONTEZUMA SL BUOY","0","38.141304","-122.060196","SUISUN CITY","5","8101","999","999","705","0","21","SOLANO","DELTA","CA Dept of Water Resources/Div of Environmental Services","SACRAMENTO RIVER","14,25,28,61,62,100,221,275"
"HAS","HASS SLOUGH NEAR ELMIRA","0","38.294151","-121.725739","RIO VISTA","5","6501","999","999","58","0","22","SOLANO","SACRAMENTO R","US Geological Survey","SACRAMENTO RIVER","1,20,21,25,27,100"
"HBP","HARVEY O BANKS PUMPING P (KA000331)","4","37.801944","-121.620278","BYRON","5","8101","703","703","703","23","16","CONTRA COSTA","DELTA","CA Dept of Water Resources/Operations and Maintenance","SACRAMENTO RIVER","4,10,25,27,31,32,45,62,77,100,114,133,134,146,149,163"
"HLL","HOLLAND TRACT","0","38.006986","-121.580617","RIO VISTA","5","8101","999","999","50","16","0","CONTRA COSTA","DELTA","US Bureau of Reclamation","SACRAMENTO RIVER","14,25,100"
"HLT","MIDDLE RIVER NEAR HOLT","0","38.0031","-121.5108","HOLT","6","9001","999","999","5","17","0","SAN JOAQUIN","SAN JOAQUIN R","USGS/DWR","SAN JOAQUIN RIVER","1,20,21,25,28,100,221"
"HOL","HOLLAND CUT NEAR BETHEL ISLAND","0","38.0164","-121.5819","BETHEL ISLAND","6","9001","999","999","5","17","0","SAN JOAQUIN","SAN JOAQUIN R","USGS/DWR","SAN JOAQUIN RIVER","1,20,21,25,27,61,100,221,222,223,224,225,226,227,228,229,230"
"HON","HONKER BAY","0","38.0724","-121.9392","FAIRFIELD","2","8101","999","999","705","16","21","SOLANO","DELTA","CA Dept of Water Resources/Div of Environmental Services","SAN FRANCISCO BAY","14,25,27,28,61,62,100"
"HRO","HARVEY O BANKS PUMPING PLANT","4","37.798","-121.623","BYRON","5","8101","999","999","713","23","21","CONTRA COSTA","DELTA","CA Dept of Water Resources/O&M San Joaquin Field Division","SACRAMENTO RIVER","23,27,61,62,70,100,101,109,112,146,148,149,150,151,152,153,179,266,269,272,274"
"HSL","HILL SLOUGH","0","38.2222","-122.024","SUISUN CITY","5","8101","999","999","705","0","21","SOLANO","DELTA","CA Dept of Water Resources/Div of Environmental Services","SACRAMENTO RIVER","1,14,25,27,28,61,62,100"
"HUN","HUNTER CUT AT MONTEZUMA SLOUGH","0","38.156","-122.0527","FAIRFIELD","5","8101","999","999","705","16","0","SOLANO","DELTA","CA Dept of Water Resources/Div of Environmental Services","SACRAMENTO RIVER","1,14,25,27,28,61,62,100"
"HWB","MINER SLOUGH AT HWY 84 BRIDGE","0","38.2917","-121.6308","OXFORD","5","6501","999","999","58","17","0","SOLANO","SACRAMENTO R","US Geological Survey","SACRAMENTO RIVER","1,20,21,25,61,100,221"
"IBS","IBIS","0","38.157","-122.113","CORDELIA","5","8101","999","999","705","16","0","SOLANO","DELTA","CA Dept of Water Resources/Div of Environmental Services","SACRAMENTO RIVER","1,5,14,25,100"
"IDB","CCWD OLD RIVER PP NEAR DISCOVERY BAY","0","37.8833","-121.577","DISCOVERY BAY","2","8101","999","999","97","23","0","CONTRA COSTA","DELTA","Contra Costa Water District","SAN FRANCISCO BAY","70,148"
"INB","CCWD ROCK SLOUGH PP NEAR BRENTWOOD","0","37.996","-121.702","BRENTWOOD","2","8101","999","999","97","23","0","CONTRA COSTA","DELTA","Contra Costa Water District","SAN FRANCISCO BAY","70,148"
"ISD","IRONHOUSE SANITARY DISTRICT","6","38.0013","-121.7094","ANTIOCH","6","9001","999","999","107","17","0","CONTRA COSTA","SAN JOAQUIN R","Contra Costa County","SAN JOAQUIN RIVER","9,10,16"
"ISH","ITALIAN SLOUGH HEADWATER NR BYRON","5","37.8401222229004","-121.602958679199","BYRON","6","9001","999","999","704","999","0","CONTRA COSTA","SAN JOAQUIN R","CA Dept of Water Resources/North Central Region Office","SAN JOAQUIN RIVER","1,14,141"
"JER","JERSEY POINT","0","38.052155","-121.688971","RIO VISTA","5","8101","999","999","50","16","0","CONTRA COSTA","DELTA","US Bureau of Reclamation","SACRAMENTO RIVER","14,25,27,100,222,223,224,225,226,227"
"JTR","JONES TRACT","-19","37.9224","-121.5182","STOCKTON","6","8101","999","999","704","23","0","SAN JOAQUIN","DELTA","CA Dept of Water Resources/North Central Region Office","SAN JOAQUIN RIVER","1,14,20"
"KA0","CLIFTON COURT (KA000000) TEST SITE","3","37.8298","-121.5574","BYRON","2","8101","999","999","703","23","0","CONTRA COSTA","DELTA","CA Dept of Water Resources/Operations and Maintenance","SAN FRANCISCO BAY","25,27,62,100,114,146"
"LIB","LIBERTY ISLAND @ APPROX CNTR S END","0","38.2421","-121.6849","RIO VISTA","5","6501","999","999","58","17","0","SOLANO","SACRAMENTO R","US Geological Survey","SACRAMENTO RIVER","1,20,21,25,61,100,221"
"LIR","LIBERTY ISLAND - RD2068","0","38.3292808532715","-121.693969726563","SACRAMENTO","5","6501","999","999","704","999","0","SOLANO","SACRAMENTO R","CA Dept of Water Resources/North Central Region Office","SACRAMENTO RIVER","1,14,16,141"
"LIS","YOLO BYPASS AT LISBON","0","38.474781036377","-121.588226318359","FREEPORT","5","6501","700","999","704","999","0","YOLO","SACRAMENTO R","CA Dept of Water Resources/North Central Region Office","SACRAMENTO RIVER","1,14,20,21,25,28,61,62,100,141,169,221"
"LIY","LIBERTY ISLAND - YOLO BYPASS","0","38.3292770385742","-121.693977355957","SACRAMENTO","5","6501","999","999","704","999","0","SOLANO","SACRAMENTO R","CA Dept of Water Resources/North Central Region Office","SACRAMENTO RIVER","1,16,141"
"LOD","LODI","40","38.1","-121.283","STOCKTON","6","8301","999","999","40","17","0","SAN JOAQUIN","MOKELUMNE R","National Weather Service","SAN JOAQUIN RIVER","2"
"LPS","LITTLE POTATO SLOUGH AT TERMINOUS","0","38.0964","-121.4961","TERMINOUS","6","9001","999","999","58","17","0","SAN JOAQUIN","SAN JOAQUIN R","US Geological Survey","SAN JOAQUIN RIVER","1,20,21,25,100,221"
"MAB","MIDDLE RIVER ABOVE BARRIER","7","37.885181427002","-121.472763061523","STOCKTON","6","9001","999","999","704","999","17","SAN JOAQUIN","SAN JOAQUIN R","CA Dept of Water Resources/North Central Region Office","SAN JOAQUIN RIVER","1,20,21,25"
"MAL","SACRAMENTO RIVER AT MALLARD ISLAND","0","38.0428047180176","-121.92008972168","PITTSBURG","5","6501","999","999","705","999","0","CONTRA COSTA","SACRAMENTO R","CA Dept of Water Resources/Div of Environmental Services","SACRAMENTO RIVER","1,4,5,9,10,14,20,21,25,26,27,28,61,62,92,100,102,141"
"MBW","MARSH CREEK AT BRENTWOOD","43","37.962552","-121.688089","BRENTWOOD","2","2001","999","999","107","22","23","CONTRA COSTA","EAST BAY","Contra Costa County","SAN FRANCISCO BAY","1"
"MCC","COSUMNES RIVER NEAR MCCONNELL","5","38.357666015625","-121.343734741211","GALT","6","8201","999","999","704","999","0","SACRAMENTO","COSUMNES R","CA Dept of Water Resources/North Central Region Office","SAN JOAQUIN RIVER","1,14,169"
"MCM","MORRISON CREEK AT MACK ROAD","13","38.478","-121.458","FLORIN","5","6501","999","999","500","17","0","SACRAMENTO","SACRAMENTO R","Sacramento Dept of Public Works","SACRAMENTO RIVER","1,2,16,45"
"MDA","MARSH CREEK AT DAINTY AVENUE","80","37.932581","-121.711218","BRENTWOOD","2","2001","999","999","107","22","23","CONTRA COSTA","EAST BAY","Contra Costa County","SAN FRANCISCO BAY","1"
"MDM","MIDDLE RIVER AT MIDDLE RIVER","10","37.943","-121.534","KNIGHTSEN","6","8101","999","999","58","23","0","SAN JOAQUIN","DELTA","US Geological Survey","SAN JOAQUIN RIVER","1,20,21,25,41,100,221"
"MFR","MORRISON CREEK AT FLORIN ROAD","20","38.4985198974609","-121.452728271484","FLORIN","5","6501","999","999","58","17","0","SACRAMENTO","SACRAMENTO R","US Geological Survey","SACRAMENTO RIVER","1,14,20"
"MFV","MINER SLOUGH AT FIVE POINTS","23","38.2901153564453","-121.64478302002","SACRAMENTO","5","6501","999","999","704","999","0","SOLANO","SACRAMENTO R","CA Dept of Water Resources/North Central Region Office","SACRAMENTO RIVER","1,14"
"MHO","MIDDLE RIVER NEAR HOWARD ROAD BRIDGE","0","37.876222","-121.383306","TRACY","6","8101","999","999","704","23","17","SAN JOAQUIN","DELTA","CA Dept of Water Resources/North Central Region Office","SAN JOAQUIN RIVER","25,28,61,62,100,221"
"MHR","MIDDLE RIVER AT HOWARD ROAD BRIDGE","20","37.877","-121.384","STOCKTON","6","9001","999","999","704","23","0","SAN JOAQUIN","SAN JOAQUIN R","CA Dept of Water Resources/North Central Region Office","SAN JOAQUIN RIVER","1,5,14,25,100,141"
"MIR","MINER SLOUGH NEAR SACRAMENTO RIVER","5","38.236027","-121.666055","RIO VISTA","5","6501","999","999","704","16","17","SOLANO","SACRAMENTO R","CA Dept of Water Resources/North Central Region Office","SACRAMENTO RIVER","1,20,21,25,28,41,61,62,100,221,222,223,224"
"MKN","NF MOKELUMNE R BLW SNODGRASS SLOUGH","9","38.223138","-121.50677",,"6","8301","999","999","704","16","2","SAN JOAQUIN","MOKELUMNE R","CA Dept of Water Resources/North Central Region Office","SAN JOAQUIN RIVER","14,100,146"
"MOK","MOKELUMNE R AT SAN JOAQUIN RIVER","0","38.1061","-121.5711","ISLETON","6","8301","999","999","5","17","0","SAN JOAQUIN","MOKELUMNE R","USGS/DWR","SAN JOAQUIN RIVER","1,20,21,25,100,221"
"MRU","MIDDLE RIVER AT UNDINE ROAD","0","37.8339","-121.386","LATHROP","6","9001","999","999","704","23","17","SAN JOAQUIN","SAN JOAQUIN R","CA Dept of Water Resources/North Central Region Office","SAN JOAQUIN RIVER","1,20,21,25,28,61,62,100,221"
"MRW","MORROW ISLAND  DISTRIBUTION SYSTEM","0","38.11207","-122.098074","SUISUN CITY","5","8101","999","999","705","0","21","SOLANO","DELTA","CA Dept of Water Resources/Div of Environmental Services","SACRAMENTO RIVER","1,14"
"MRX","MIDDLE RIVER NEAR TRACY BLVD","13","37.881415","-121.467395","TRACY","6","9001","999","999","704","22","17","SAN JOAQUIN","SAN JOAQUIN R","CA Dept of Water Resources/North Central Region Office","SAN JOAQUIN RIVER","25,28,61,62,100,221"
"MRZ","MARTINEZ","8","38.0276374816895","-122.140487670898","MARTINEZ","2","2001","999","999","705","999","0","CONTRA COSTA","EAST BAY","CA Dept of Water Resources/Div of Environmental Services","SAN FRANCISCO BAY","1,4,5,9,10,14,25,26,27,28,61,62,92,100,102,141"
"MSD","SAN JOAQUIN RIVER AT MOSSDALE BRIDGE","31","37.786","-121.306","MANTECA","6","9001","999","999","705","23","0","SAN JOAQUIN","SAN JOAQUIN R","CA Dept of Water Resources/Div of Environmental Services","SAN JOAQUIN RIVER","1,4,5,9,10,14,20,21,25,26,27,28,41,61,62,100,146,169"
"MSL","MONTEZUMA SLOUGH AT ROARING R","0","38.0934","-121.8872","FAIRFIELD","5","8101","999","999","705","17","21","SOLANO","DELTA","CA Dept of Water Resources/Div of Environmental Services","SACRAMENTO RIVER","1,14,25,27,28,61,62,100"
"MTB","MIDDLE RIVER AT TRACY BLVD","20","37.881","-121.456","TRACY","6","9001","999","999","704","23","0","SAN JOAQUIN","SAN JOAQUIN R","CA Dept of Water Resources/North Central Region Office","SAN JOAQUIN RIVER","1,5,14,25,100,141"
"MUP","MIDDLE RIVER AT UNION POINT","0","37.890778","-121.488361","TRACY","6","9001","999","999","704","23","17","SAN JOAQUIN","SAN JOAQUIN R","CA Dept of Water Resources/North Central Region Office","SAN JOAQUIN RIVER","1,25,28,61,62,100,221"
"NMR","NORTH MOKELUMNE R AT W WALNUT GROVE RD","0","38.2232","-121.5071","WALNUT GROVE","6","8301","999","999","58","17","0","SAN JOAQUIN","MOKELUMNE R","US Geological Survey","SAN JOAQUIN RIVER","1,20,21,25,100,221"
"NSL","NATIONAL STEEL","0","38.1221","-121.8881","BIRD'S LANDING","5","6501","999","999","705","17","0","SOLANO","SACRAMENTO R","CA Dept of Water Resources/Div of Environmental Services","SACRAMENTO RIVER","1,14,20,21,25,27,28,61,62,100"
"OAD","OLD RIVER NEAR DMC ABOVE DAM","4","37.8103218078613","-121.542106628418","TRACY","6","9001","999","999","704","999","0","SAN JOAQUIN","SAN JOAQUIN R","CA Dept of Water Resources/North Central Region Office","SAN JOAQUIN RIVER","1,14,25,27,28,61,62,100,141"
"OBD","OLD RIVER NEAR DMC BELOW DAM","4","37.810962677002","-121.543937683105","TRACY","6","9001","999","999","704","999","0","SAN JOAQUIN","SAN JOAQUIN R","CA Dept of Water Resources/North Central Region Office","SAN JOAQUIN RIVER","1,14,25,100,141"
"OBI","OLD RIVER AT BACON ISLAND (USGS)","10","37.969367980957","-121.572219848633","BRENTWOOD","6","8101","999","999","5","999","0","SAN JOAQUIN","DELTA","USGS/DWR","SAN JOAQUIN RIVER","1,20,21,25,41,100,221"
"ODM","OLD RIVER AT DELTA MENDOTA CANAL","10","37.8102951049805","-121.542144775391","TRACY","6","8101","999","999","5","999","0","SAN JOAQUIN","DELTA","USGS/DWR","SAN JOAQUIN RIVER","1,20,21,25,28,41,61,62,100,221"
"OH1","OLD RIVER AT HEAD","15","37.8075523376465","-121.331253051758","TRACY","6","9001","999","999","704","999","0","SAN JOAQUIN","SAN JOAQUIN R","CA Dept of Water Resources/North Central Region Office","SAN JOAQUIN RIVER","1,14,20,21,25,28,41,61,62,100,115,221"
"OH4","OLD RIVER AT HIGHWAY 4","10","37.891109","-121.569168","BYRON","6","8101","999","999","58","23","0","CONTRA COSTA","DELTA","US Geological Survey","SAN JOAQUIN RIVER","1,20,21,25,100,221"
"OKM","OAKLAND MUSEUM","30","37.8","-122.267","OAKLAND","2","2801","999","999","40","22","0","ALAMEDA","SF BAY","National Weather Service","SAN FRANCISCO BAY","2"
"OLD","OLD RIVER NEAR TRACY","5","37.8048095703125","-121.449562072754","TRACY","5","8101","999","999","703","999","0","SAN JOAQUIN","DELTA","CA Dept of Water Resources/Operations and Maintenance","SACRAMENTO RIVER","1,5,14,20,21,25,100,141"
"OLR","OLD RIVER NEAR TRACY","5","37.805","-121.449","TRACY","5","8101","999","999","1","23","0","SAN JOAQUIN","DELTA","CA Dept of Water Resources","SACRAMENTO RIVER","1,14"
"OMR","OLD & MIDDLE RVRS TIDALLY FILTERED EST","10","37.97","-121.5711",,"6","8101","999","999","703","23","6","SAN JOAQUIN","DELTA","CA Dept of Water Resources/Operations and Maintenance","SAN JOAQUIN RIVER","20,41"
"ORB","OLD RIVER AT BYRON","18","37.89","-121.57","BYRON","6","9001","999","999","704","23","0","CONTRA COSTA","SAN JOAQUIN R","CA Dept of Water Resources/North Central Region Office","SAN JOAQUIN RIVER","1,14,141"
"ORI","OLD RIVER AT CLIFTON COURT INTAKE","0","37.828","-121.5526","BYRON","6","9001","999","999","704","23","0","CONTRA COSTA","SAN JOAQUIN R","CA Dept of Water Resources/North Central Region Office","SAN JOAQUIN RIVER","1,20,21,25,28,61,62,100,221"
"ORM","OLD RIVER UPSTREAM OF MOUNTAIN HOUSE CRK","5","37.79384","-121.51738","TRACY","6","9001","999","999","704","22","17","SAN JOAQUIN","SAN JOAQUIN R","CA Dept of Water Resources/North Central Region Office","SAN JOAQUIN RIVER","1,20,21,25,28,61,62,100,221"
"ORQ","OLD RIVER AT QUIMBLY IS NEAR BETHEL IS","0","38.0272","-121.5645","BETHEL ISLAND","6","9001","999","999","5","17","0","SAN JOAQUIN","SAN JOAQUIN R","USGS/DWR","SAN JOAQUIN RIVER","1,20,21,25,100,221"
"ORX","OLD RIVER ABOVE DOUGHTY CUT","8","37.810997","-121.386576","TRACY","6","9001","999","999","704","23","17","SAN JOAQUIN","SAN JOAQUIN R","CA Dept of Water Resources/North Central Region Office","SAN JOAQUIN RIVER","1,20,21,25,28,61,62,100,221"
"OSJ","OLD RIVER AT FRANKS TRACT NEAR TERMINOUS","0","38.0711","-121.5789","TERMINOUS","6","8101","999","999","5","17","0","SAN JOAQUIN","DELTA","USGS/DWR","SAN JOAQUIN RIVER","1,20,21,25,28,61,100,221,222,223,224"
"PAA","PALO ALTO 3E","7","37.439","-122.107","PALO ALTO","2","2801","999","999","143","22","0","SANTA CLARA","SF BAY","Santa Clara County","SAN FRANCISCO BAY","16"
"PCO","PARADISE CUT ABV OLD R","26","37.8019444","-121.412306","TRACY","6","8101","999","999","704","23","2","SAN JOAQUIN","DELTA","CA Dept of Water Resources/North Central Region Office","SAN JOAQUIN RIVER","14,25,100"
"PCT","PORT CHICAGO","0","38.056788","-121.999971","WEST PITTSBURG","5","8101","999","999","50","16","0","CONTRA COSTA","DELTA","US Bureau of Reclamation","SACRAMENTO RIVER","14,25,100,102"
"PDC","PARADISE CUT","8","37.8020598","-121.4122564","TRACY","6","9001","999","999","704","23","21","SAN JOAQUIN","SAN JOAQUIN R","CA Dept of Water Resources/North Central Region Office","SAN JOAQUIN RIVER","1,20,21,25,100"
"PEL","PELICAN POINT AT ROARING RIVER","0","38.110869","-121.9718","MONTEZUMA","5","8101","999","999","705","17","21","SOLANO","DELTA","CA Dept of Water Resources/Div of Environmental Services","SACRAMENTO RIVER","1,14"
"PPT","PRISONERS POINT","0","38.066","-121.562","STOCKTON","5","8101","999","999","705","17","0","SAN JOAQUIN","DELTA","CA Dept of Water Resources/Div of Environmental Services","SACRAMENTO RIVER","5,14,25,27,28,61,62,100,146"
"PRI","SAN JOAQUIN R AT PRISONERS PT NR TERMINO","0","38.0594","-121.5572","TERMINOUS","6","9001","999","999","58","17","0","SAN JOAQUIN","SAN JOAQUIN R","US Geological Survey","SAN JOAQUIN RIVER","1,20,21,25,100,221"
"PSP","PINOLE CREEK AT SAN PABLO","10","38.0058586937613","-122.289176674548","PINOLE","2","2001","999","999","107","15","23","CONTRA COSTA","EAST BAY","Contra Costa County","SAN FRANCISCO BAY","1"
"PTS","PITTSBURG","10","38.042975","-121.892482","PITTSBURG","5","8101","999","999","50","16","0","CONTRA COSTA","DELTA","US Bureau of Reclamation","SACRAMENTO RIVER","14,25,100,102"
"RGP","SAN JOAQUIN R AT RINDGE PUMP","10","37.997279","-121.419451","STOCKTON","5","9001","999","999","704","22","2","SAN JOAQUIN","SAN JOAQUIN R","CA Dept of Water Resources/North Central Region Office","SACRAMENTO RIVER","1,14"
"RHL","RICHMOND CITY HALL","55","37.9369","-122.3427","RICHMOND","2","2801","999","999","107","22","0","CONTRA COSTA","SF BAY","Contra Costa County","SAN FRANCISCO BAY","2,16,45"
"RHW","RODEO CREEK AT HAWTHORNE DRIVE","11","38.02462","-122.26303","RODEO","2","2001","999","999","107","15","23","CONTRA COSTA","EAST BAY","Contra Costa County","SAN FRANCISCO BAY","1"
"RIV","RIO VISTA","0","38.159203","-121.684543","RIO VISTA","5","8101","999","999","50","16","0","SOLANO","DELTA","US Bureau of Reclamation","SACRAMENTO RIVER","2,5,14,25,100"
"ROF","RODEO FIRE DEPARTMENT","30","38.035","-122.27","RODEO","2","2001","999","999","107","16","0","CONTRA COSTA","EAST BAY","Contra Costa County","SAN FRANCISCO BAY","16"
"ROR","ROARING RIVER","10","38.0931","-121.8875","MONTEZUMA","5","8101","999","999","705","0","0","SOLANO","DELTA","CA Dept of Water Resources/Div of Environmental Services","SACRAMENTO RIVER","1,5,6,14,25,100"
"RRI","ROUGH AND READY ISLAND","15","37.963","-121.365","STOCKTON","6","9001","999","999","705","23","0","SAN JOAQUIN","SAN JOAQUIN R","CA Dept of Water Resources/Div of Environmental Services","SAN JOAQUIN RIVER","1,4,5,9,10,14,20,21,25,26,27,28,30,31,32,61,62,100,141"
"RSL","ROCK SLOUGH ABV CONTRA COSTA CANAL","10","37.9763107299805","-121.637596130371","BRENTWOOD","6","8101","999","999","704","999","0","CONTRA COSTA","DELTA","CA Dept of Water Resources/North Central Region Office","SAN JOAQUIN RIVER","1,14,25,100,141"
"RTM","DES REAL TIME MONITORING TEST STATION","13","38.587","-121.567","WEST SACRAMENTO","5","6501","999","999","705","17","0","YOLO","SACRAMENTO R","CA Dept of Water Resources/Div of Environmental Services","SACRAMENTO RIVER","1,4,9,10,14,26,27,28,61,62,100,102,146"
"RVB","SACRAMENTO RIVER AT RIO VISTA BRIDGE","0","38.159737","-121.686355","RIO VISTA","5","6501","700","999","705","17","0","SOLANO","SACRAMENTO R","CA Dept of Water Resources/Div of Environmental Services","SACRAMENTO RIVER","1,4,5,9,10,14,25,26,27,28,61,62,100,141,146,169"
"RVS","RIO VISTA","0","38.159737","-121.686355","RIO VISTA","5","8101","999","999","1","17","0","SOLANO","DELTA","CA Dept of Water Resources","SACRAMENTO RIVER","1,5,9,14,26"
"RYC","SUISUN BAY ? CUTOFF NEAR RYER","0","38.083971","-121.995878","FAIRFIELD","2","8101","999","999","705","16","21","SOLANO","DELTA","CA Dept of Water Resources/Div of Environmental Services","SAN FRANCISCO BAY","14,25,27,28,61,62,100"
"RYE","SACRAMENTO SHIP CHANNEL AT RYER ISLAND","15","38.2283","-121.6722","RIO VISTA","5","6501","999","999","56","17","0","SOLANO","SACRAMENTO R","US Army Corps of Engineers","SACRAMENTO RIVER","14,177"
"RYF","CACHE SLOUGH ABOVE RYER ISLAND FERRY","2","38.193854","-121.658005","RIO VISTA","5","7901","999","999","58","16","22","SOLANO","CACHE CR","US Geological Survey","SACRAMENTO RIVER","1,20,21,25,61,100,221"
"RYI","CACHE SLOUGH AT RYER ISLAND","0","38.2128","-121.6692","RIO FARMS","5","6501","999","999","58","17","0","SOLANO","SACRAMENTO R","US Geological Survey","SACRAMENTO RIVER","1,20,21,25,61,100,221"
"SAE","SACRAMENTO EXECUTIVE AIRPORT","21","38.506943","-121.495003","SACRAMENTO","5","6501","999","999","40","17","13","SACRAMENTO","SACRAMENTO R","National Weather Service","SACRAMENTO RIVER","2,45"
"SAL","SAN ANDREAS LANDING","0","38.103301","-121.591315","RIO VISTA","5","8101","999","999","50","16","0","SAN JOAQUIN","DELTA","US Bureau of Reclamation","SACRAMENTO RIVER","14,25,100"
"SDC","SACRAMENTO R ABOVE DELTA CROSS CHANNEL","10","38.257","-121.518","WALNUT GROVE","5","6501","999","999","58","17","0","SACRAMENTO","SACRAMENTO R","US Geological Survey","SACRAMENTO RIVER","1,20,21"
"SDI","SACRAMENTO RIVER AT DECKER ISLAND","0","38.0934","-121.736","RIO VISTA","5","6501","999","999","58","17","0","SOLANO","SACRAMENTO R","US Geological Survey","SACRAMENTO RIVER","1,20,21,25,100,221"
"SDO","STOCKTON DEEP WATER SHIP CHANNEL DO","15","37.963","-121.365","STOCKTON","6","9001","999","999","705","23","21","SAN JOAQUIN","SAN JOAQUIN R","CA Dept of Water Resources/Div of Environmental Services","SAN JOAQUIN RIVER","61,201,202"
"SFF","SAN FRANCISCO WB AP","8","37.617","-122.383",,"2","2801","999","999","40","22","0","SAN MATEO","SF BAY","National Weather Service","SAN FRANCISCO BAY","2"
"SFN","SAN FRANCISCO","150","37.770557","-122.426941","SAN FRANCISCO","2","2801","999","999","40","22","13","SAN FRANCISCO","SF BAY","National Weather Service","SAN FRANCISCO BAY","2,45"
"SFS","STOCKTON FIRE STATION","14","37.999","-121.319","STOCKTON","6","9001","999","999","1","23","0","SAN JOAQUIN","SAN JOAQUIN R","CA Dept of Water Resources","SAN JOAQUIN RIVER","2,14,16,45"
"SGA","SUGAR CUT","8","37.7928598","-121.4214954","TRACY","6","9001","999","999","704","23","21","SAN JOAQUIN","SAN JOAQUIN R","CA Dept of Water Resources/North Central Region Office","SAN JOAQUIN RIVER","1,20,21,25,100"
"SGG","SHAG SLOUGH","0","38.3183333","-121.6930556","COURTLAND","5","6501","999","999","58","16","22","SOLANO","SACRAMENTO R","US Geological Survey","SACRAMENTO RIVER","1,20,21,25,100,221"
"SGX","SACRAMENTO R AT SNODGRASS","23","38.3497027","-121.533549","COURTLAND","5","6501","999","999","704","0","2","SACRAMENTO","SACRAMENTO R","CA Dept of Water Resources/North Central Region Office","SACRAMENTO RIVER","1,14"
"SJC","SAN JOAQUIN RIVER NEAR BUCKLEY COVE","10","37.980266","-121.385717","STOCKTON","6","9001","999","999","704","22","17","SAN JOAQUIN","SAN JOAQUIN R","CA Dept of Water Resources/North Central Region Office","SAN JOAQUIN RIVER","20,21,25"
"SJD","SAN JOAQUIN RIVER ABOVE DOS REIS","7","37.8223312","-121.3177244","LATHROP","6","9001","999","999","704","23","17","SAN JOAQUIN","SAN JOAQUIN R","CA Dept of Water Resources/North Central Region Office","SAN JOAQUIN RIVER","1,20,21,25,100"
"SJG","SAN JOAQUIN RIVER AT GARWOOD BRIDGE","13","37.935","-121.329","STOCKTON","6","9001","999","999","58","23","0","SAN JOAQUIN","SAN JOAQUIN R","US Geological Survey","SAN JOAQUIN RIVER","1,20,21,25,28,100,221"
"SJJ","SAN JOAQUIN RIVER AT JERSEY POINT (USGS)","10","38.052","-121.689","OAKLEY","6","9001","999","999","58","17","0","CONTRA COSTA","SAN JOAQUIN R","US Geological Survey","SAN JOAQUIN RIVER","1,20,21,25,61,100,221,222,223,224,225,226,227,228,229,230"
"SJL","SAN JOAQUIN R BLW OLD R NEAR LATHROP","10","37.811149597168","-121.324035644531","LATHROP","6","9001","999","999","704","999","0","SAN JOAQUIN","SAN JOAQUIN R","CA Dept of Water Resources/North Central Region Office","SAN JOAQUIN RIVER","1,14,20,21,25,41,100,141"
"SJR","SAN JOAQUIN R MCCUNE STATION NR VERNALIS","32","37.67929","-121.26511","SAN JOAQUIN CITY","6","9001","999","999","705","23","21","SAN JOAQUIN","SAN JOAQUIN R","CA Dept of Water Resources/Div of Environmental Services","SAN JOAQUIN RIVER","1,4,9,10,14,20,25,26,27,28,61,62,100,101,109,112,146,148,149,150,151,152,153,179"
"SJU","SAN JOAQUIN R 4 RIVERS UNIMPAIRED RUNOFF","35","37.67604","-121.2663269","MODESTO","6","9001","999","999","722","0","6","SAN JOAQUIN","SAN JOAQUIN R","CA Dept of Water Resources/DFM-Hydro-Water Supply Fcasting","SAN JOAQUIN RIVER","65,260,261,262,263,264,265"
"SKT","STOCKTON DEEP WATER CHANNEL","15","37.9517","-121.3214","STOCKTON","6","9001","999","999","56","23","0","SAN JOAQUIN","SAN JOAQUIN R","US Army Corps of Engineers","SAN JOAQUIN RIVER","14,177"
"SLE","SAN LEANDRO BAY","10","37.7","-122.217","SAN LEANDRO","2","2801","999","999","160","22","0","ALAMEDA","SF BAY","Alameda County","SAN FRANCISCO BAY","16,45"
"SMR","SOUTH MOKELUMNE R AT W WALNUT GROVE RD","0","38.2255","-121.4911","WALNUT GROVE","6","8301","999","999","58","17","0","SAN JOAQUIN","MOKELUMNE R","US Geological Survey","SAN JOAQUIN RIVER","1,20,21,25,100,221"
"SMU","SACRAMENTO R REGION UNIMPAIRED RUNOFF","0","38.45","-121.5","FREEPORT","5","6501","999","999","722","0","6","SACRAMENTO","SACRAMENTO R","CA Dept of Water Resources/DFM-Hydro-Water Supply Fcasting","SACRAMENTO RIVER","65,260,261,262,263,264,265"
"SNC","SUNRISE CLUB","0","38.185","-122.083","CORDELIA","5","8101","999","999","705","16","0","SOLANO","DELTA","CA Dept of Water Resources/Div of Environmental Services","SACRAMENTO RIVER","1,5,14,25,100"
"SOC","STOCKTON AIRPORT","27","37.889999","-121.226387","STOCKTON","6","8451","999","999","40","23","13","SAN JOAQUIN","LITTLEJOHN CR","National Weather Service","SAN JOAQUIN RIVER","2,45"
"SOI","SACRAMENTO R DOWNSTREAM OF ISLETON","5","38.17548","-121.656863","RIO VISTA","5","6501","999","999","704","16","17","SACRAMENTO","SACRAMENTO R","CA Dept of Water Resources/North Central Region Office","SACRAMENTO RIVER","1,20,21,25,61,100,221,222,223,224"
"SOU","SOUTH BAY PUMPING PLANT","220","37.77758","-121.62512","MOUNTAIN HOUSE","2","8101","703","703","703","0","99","CONTRA COSTA","DELTA","CA Dept of Water Resources/Operations and Maintenance","SAN FRANCISCO BAY","20"
"SPE","SAC REGIONAL WASTEWATER TREATMENT PLANT","0","38.441","-121.502","SACRAMENTO","5","6501","999","999","134","17","0","SACRAMENTO","SACRAMENTO R","Sacramento County","SACRAMENTO RIVER","20"
"SR3","THREE MILE SLOUGH AT SAN JOAQUIN R","8","38.090109","-121.686771","RIO VISTA","5","9001","999","999","704","16","2","SACRAMENTO","SAN JOAQUIN R","CA Dept of Water Resources/North Central Region Office","SACRAMENTO RIVER","1,14,100,146"
"SRH","SACRAMENTO RIVER AT HOOD","4","38.3679809570313","-121.519958496094","HOOD","5","6501","999","999","705","999","0","SACRAMENTO","SACRAMENTO R","CA Dept of Water Resources/Div of Environmental Services","SACRAMENTO RIVER","4,5,9,10,14,25,26,27,28,61,62,100,101,109,112,179"
"SRV","SACRAMENTO RIVER AT RIO VISTA (USGS)","0","38.16","-121.686","RIO VISTA","5","6501","999","999","58","17","0","SOLANO","SACRAMENTO R","US Geological Survey","SACRAMENTO RIVER","1,20,21,25,100,221"
"SSI","SACRAMENTO R NR SHERMAN ISLAND","0","38.074097","-121.761736","RIO VISTA","5","6501","999","999","705","16","21","SACRAMENTO","SACRAMENTO R","CA Dept of Water Resources/Div of Environmental Services","SACRAMENTO RIVER","14,25,27,28,61,62,100"
"SSS","STEAMBOAT SLOUGH BTW SAC R AND SUTTER SL","10","38.285","-121.587","OXFORD","5","6501","999","999","58","17","0","SACRAMENTO","SACRAMENTO R","US Geological Survey","SACRAMENTO RIVER","1,20,21,25,61,100,221"
"STI","STATEN ISLAND","0","38.116919","-121.498851","ISLETON","5","8101","999","999","50","16","0","SAN JOAQUIN","DELTA","US Bureau of Reclamation","SACRAMENTO RIVER","14,25,100"
"STK","STOCKTON FIRE STATION 4","12","38.001","-121.317","STOCKTON","6","9301","999","999","40","17","0","SAN JOAQUIN","SAN JOAQUIN FLOOR","National Weather Service","SAN JOAQUIN RIVER","2"
"SUR","SUGAR CUT","35","37.78847","-121.419333","TRACY","6","8101","999","999","704","23","2","SAN JOAQUIN","DELTA","CA Dept of Water Resources/North Central Region Office","SAN JOAQUIN RIVER","14,25,100"
"SUS","STEAMBOAT SLOUGH BLW SUTTER SLOUGH","15","38.2525","-121.6014","OXFORD","5","6501","999","999","704","16","2","SACRAMENTO","SACRAMENTO R","CA Dept of Water Resources/North Central Region Office","SACRAMENTO RIVER","14,100,146"
"SUT","SUTTER SLOUGH AT COURTLAND","0","38.3286","-121.5772","COURTLAND","5","6501","999","999","58","17","0","SACRAMENTO","SACRAMENTO R","US Geological Survey","SACRAMENTO RIVER","1,20,21,25,61,100,221"
"SWE","SACRAMENTO R AT WALNUT GROVE EC","25","38.241851","-121.514771","WALNUT GROVE","5","6501","999","999","704","16","2","SACRAMENTO","SACRAMENTO R","CA Dept of Water Resources/North Central Region Office","SACRAMENTO RIVER","14,100,146"
"SXS","STEAMBOAT SLOUGH NR SACRAMENTO R","5","38.191267","-121.637881","RIO VISTA","5","6501","999","999","704","16","17","SACRAMENTO","SACRAMENTO R","CA Dept of Water Resources/North Central Region Office","SACRAMENTO RIVER","1,20,21,25,61,100,221,222,223,224,225,226,227,228,229,230"
"TCR","TRACY CARBONA","140","37.7","-121.433","TRACY","6","9301","999","999","40","23","0","SAN JOAQUIN","SAN JOAQUIN FLOOR","National Weather Service","SAN JOAQUIN RIVER","2"
"TEA","TEAL CLUB AT FRANK HORAN SLOUGH","0","38.1766","-122.0872","FAIRFIELD","5","8101","999","999","705","16","0","SOLANO","DELTA","CA Dept of Water Resources/Div of Environmental Services","SACRAMENTO RIVER","14,25,100"
"TMS","THREE MILE SLOUGH","15","38.106","-121.7","ANTIOCH","5","6501","999","999","1","17","0","SACRAMENTO","SACRAMENTO R","CA Dept of Water Resources","SACRAMENTO RIVER","5,14,25,100"
"TPI","TOM PAINE SLOUGH ABV INTAKE STRUCTURE","9","37.7901000976563","-121.418510437012","TRACY","6","9001","999","999","1","999","0","SAN JOAQUIN","SAN JOAQUIN R","CA Dept of Water Resources","SAN JOAQUIN RIVER","1,14,25,100,141"
"TPP","TOM PAINE SLOUGH NR PESCADERO","10","37.7672843933105","-121.351028442383","TRACY","6","9001","999","999","703","999","0","SAN JOAQUIN","SAN JOAQUIN R","CA Dept of Water Resources/Operations and Maintenance","SAN JOAQUIN RIVER","1,14,141"
"TPS","TOM PAINE SLOUGH ABV THE MOUTH","9","37.7905349731445","-121.418632507324","TRACY","6","9001","999","999","704","999","0","SAN JOAQUIN","SAN JOAQUIN R","CA Dept of Water Resources/North Central Region Office","SAN JOAQUIN RIVER","1,14,25,100,141,144"
"TRN","TURNER CUT NEAR HOLT","0","37.9928","-121.4542","HOLT","6","9001","999","999","5","23","0","SAN JOAQUIN","SAN JOAQUIN R","USGS/DWR","SAN JOAQUIN RIVER","1,5,20,21,25,28,61,62,100,221"
"TRP","TRACY PUMPING PLANT","3","37.8","-121.585","TRACY","6","9001","999","999","703","23","0","SAN JOAQUIN","SAN JOAQUIN R","CA Dept of Water Resources/Operations and Maintenance","SAN JOAQUIN RIVER","27,28,61,62,70,100,101,109,112,146,148,149,150,151,152,153,179,266,267,268,269"
"TSL","THREEMILE SLOUGH AT SAN JOAQUIN RIVER","10","38.1033","-121.6861","ANTIOCH","5","6501","999","999","5","16","0","SACRAMENTO","SACRAMENTO R","USGS/DWR","SACRAMENTO RIVER","1,20,21,25,61,100,221,222,223,224,225,226,227,228,229,230"
"TWA","OLD RIVER AT TRACY WILDLIFE ASSOCIATION","0","37.8028","-121.4574","TRACY","6","9001","999","999","704","23","17","SAN JOAQUIN","SAN JOAQUIN R","CA Dept of Water Resources/North Central Region Office","SAN JOAQUIN RIVER","25,28,61,62,100,221"
"TWI","SAN JOAQUIN RIVER AT TWITCHELL ISLAND","0","38.0969","-121.6691","RIO VISTA","6","9001","999","999","705","16","21","SACRAMENTO","SAN JOAQUIN R","CA Dept of Water Resources/Div of Environmental Services","SAN JOAQUIN RIVER","14,25,27,28,61,62,100"
"UCS","UPPER CACHE SLOUGH","0","38.27555556","-121.7091667","RIO VISTA","5","6501","999","999","58","16","22","SOLANO","SACRAMENTO R","US Geological Survey","SACRAMENTO RIVER","1,20,21,25,100,221"
"ULC","ULTATIS CREEK","0","38.29416667","-121.7597222","ELMIRA","5","8101","999","999","58","16","22","SOLANO","DELTA","US Geological Survey","SACRAMENTO RIVER","1,20,21,25,100,221"
"UNI","UNION ISLAND","0","37.822101","-121.37499","BYRON","5","8101","999","999","50","22","0","SAN JOAQUIN","DELTA","US Bureau of Reclamation","SACRAMENTO RIVER","14,25,100"
"VBR","WILDCAT CREEK AT VALE","84","37.9531929754587","-122.338302620209","SAN PABLO","2","2001","999","999","107","21","23","CONTRA COSTA","EAST BAY","Contra Costa County","SAN FRANCISCO BAY","1"
"VCU","VICTORIA CANAL NEAR BYRON","0","37.8717","-121.5283","STOCKTON","6","8101","999","999","5","23","0","SAN JOAQUIN","DELTA","USGS/DWR","SAN JOAQUIN RIVER","1,5,20,21,25,27,28,41,61,62,100"
"VER","VERNALIS (USBR)","0","37.679376","-121.265002","MODESTO","6","9001","999","999","50","22","0","SAN JOAQUIN","SAN JOAQUIN R","US Bureau of Reclamation","SAN JOAQUIN RIVER","14,25,100"
"VIC","VICTORIA ISLAND","0","37.890763","-121.488324","BYRON","5","8101","999","999","50","22","0","SAN JOAQUIN","DELTA","US Bureau of Reclamation","SACRAMENTO RIVER","14,25,100,146"
"VNE","VENICE ISLAND","0","38.05","-121.496","LODI","5","8101","999","999","1","17","0","SAN JOAQUIN","DELTA","CA Dept of Water Resources","SACRAMENTO RIVER","1,2,14"
"VNI","SAN JOAQUIN RIVER AT VENICE ISLAND","0","38.050178527832","-121.496696472168","LODI","5","9001","999","999","703","999","0","SAN JOAQUIN","SAN JOAQUIN R","CA Dept of Water Resources/Operations and Maintenance","SACRAMENTO RIVER","1,2,14,17,45,141"
"VNS","SAN JOAQUIN RIVER NEAR VERNALIS","35","37.6760406494141","-121.266326904297","MODESTO","6","9001","700","999","5","23","0","SAN JOAQUIN","SAN JOAQUIN R","USGS/DWR","SAN JOAQUIN RIVER","1,14,20,41,146,169"
"VOL","VOLANTI","8","38.181","-122.046","FAIRFIELD","5","8101","999","999","705","16","0","SOLANO","DELTA","CA Dept of Water Resources/Div of Environmental Services","SACRAMENTO RIVER","1,5,14,25,27,28,61,62,100"
"WBR","MOKELUMNE RIVER AT WOODBRIDGE","46","38.159","-121.302","WOODBRIDGE","6","8301","999","999","86","17","0","SAN JOAQUIN","MOKELUMNE R","East Bay Municipal Utility District","SAN JOAQUIN RIVER","1"
"WCI","WEST CANAL AT CLIFTON COURT INTAKE","0","37.8316","-121.554","BYRON","6","9001","999","999","704","23","0","CONTRA COSTA","SAN JOAQUIN R","CA Dept of Water Resources/North Central Region Office","SAN JOAQUIN RIVER","1,20,21,25,28,61,62,100,221"
"WGS","SACRAMENTO R AT WALNUT GROVE STAGE","22","38.239414","-121.51672","WALNUT GROVE","5","6501","999","999","704","16","2","SACRAMENTO","SACRAMENTO R","CA Dept of Water Resources/North Central Region Office","SACRAMENTO RIVER","1,14"
